model,missingness,runtime_seconds,svi_fit_failure_count,n_targets,n_predictions,coverage,rmse,mae,failure_count
linear_strike,0.1,0.513824,0,439,360,0.820046,0.014114,0.005197,79
nearest_strike,0.1,0.559048,0,439,439,1.0,0.077078,0.038354,0
svi,0.1,37.774548,0,439,439,1.0,0.024243,0.007901,0
linear_strike,0.2,0.601106,0,877,677,0.77195,0.012079,0.004961,200
nearest_strike,0.2,0.640921,0,877,877,1.0,0.090699,0.043305,0
svi,0.2,50.820682,7,877,870,0.992018,0.039045,0.009482,7
linear_strike,0.3,0.676709,0,1316,980,0.744681,0.013816,0.005886,336
nearest_strike,0.3,0.613684,0,1316,1316,1.0,0.102487,0.048728,0
svi,0.3,54.387722,87,1316,1229,0.933891,0.038535,0.009619,87
