model,missingness,regime,n_targets,n_predictions,coverage,rmse,mae
linear_strike,0.1,early_evaluation,231,193,0.835498,0.001478,0.000985
linear_strike,0.1,late_evaluation,208,167,0.802885,0.020661,0.010065
linear_strike,0.2,early_evaluation,456,360,0.789474,0.001667,0.001078
linear_strike,0.2,late_evaluation,421,317,0.752969,0.017563,0.00937
linear_strike,0.3,early_evaluation,656,507,0.772866,0.002508,0.001444
linear_strike,0.3,late_evaluation,660,473,0.716667,0.019716,0.010647
nearest_strike,0.1,early_evaluation,231,231,1.0,0.010402,0.009059
nearest_strike,0.1,late_evaluation,208,208,1.0,0.111439,0.070889
nearest_strike,0.2,early_evaluation,456,456,1.0,0.011694,0.009792
nearest_strike,0.2,late_evaluation,421,421,1.0,0.130339,0.079603
nearest_strike,0.3,early_evaluation,656,656,1.0,0.012435,0.010389
nearest_strike,0.3,late_evaluation,660,660,1.0,0.144187,0.086835
svi,0.1,early_evaluation,231,231,1.0,0.0009,0.000629
svi,0.1,late_evaluation,208,208,1.0,0.035207,0.015977
svi,0.2,early_evaluation,456,451,0.989035,0.00095,0.000623
svi,0.2,late_evaluation,421,419,0.995249,0.056254,0.019017
svi,0.3,early_evaluation,656,634,0.966463,0.001069,0.000689
svi,0.3,late_evaluation,660,595,0.901515,0.055371,0.019135
